{
  "serialization_settings": {
    "file": "transport_catalogue.db"
  },
  "routing_settings": {
    "bus_wait_time": 2,
    "bus_velocity": 30
  },
  "render_settings": {
    "width": 20779.51907746795,
    "height": 32944.944562582015,
    "padding": 9350.132643522653,
    "stop_radius": 19882.688419871694,
    "line_width": 40280.49797923891,
    "stop_label_font_size": 94397,
    "stop_label_offset": [
      -96942.91640315489,
      98794.8125334435
    ],
    "underlayer_color": "coral",
    "underlayer_width": 95336.80087635269,
    "color_palette": [
      [
        241,
        6,
        148,
        0.19600166501560656
      ],
      [
        171,
        82,
        73,
        0.04275598266815517
      ],
      "cornsilk",
      [
        25,
        243,
        228
      ],
      "lime",
      "black",
      [
        237,
        63,
        225
      ],
      [
        197,
        137,
        192
      ],
      [
        15,
        235,
        163
      ],
      "yellow",
      [
        105,
        49,
        252,
        0.5020937992778856
      ],
      [
        253,
        76,
        179
      ],
      [
        231,
        224,
        118
      ],
      [
        130,
        191,
        7
      ],
      [
        213,
        184,
        82
      ],
      [
        137,
        226,
        145,
        0.5849842068144379
      ],
      [
        185,
        163,
        76
      ],
      "peru",
      [
        209,
        144,
        95,
        0.8309346832233175
      ],
      [
        221,
        47,
        205
      ],
      [
        24,
        12,
        55
      ],
      "plum",
      [
        51,
        101,
        242,
        0.5643569194386197
      ],
      "red",
      [
        102,
        192,
        231
      ],
      "fuchsia",
      [
        92,
        225,
        187
      ],
      "yellow",
      [
        21,
        251,
        224
      ],
      [
        71,
        195,
        238
      ],
      [
        195,
        158,
        96
      ],
      [
        214,
        233,
        181
      ],
      "bisque",
      [
        162,
        77,
        99
      ],
      "gold",
      "purple",
      "coral",
      [
        210,
        241,
        238
      ],
      [
        247,
        180,
        62
      ],
      [
        113,
        170,
        225
      ],
      [
        33,
        142,
        103
      ],
      [
        175,
        82,
        201,
        0.8941726126141569
      ],
      [
        185,
        234,
        2
      ],
      [
        253,
        207,
        241,
        0.7440991143120009
      ],
      "black",
      "green",
      [
        192,
        86,
        106,
        0.5799279655911782
      ],
      "brown",
      "tomato",
      "green",
      [
        59,
        52,
        239
      ],
      "tomato",
      [
        25,
        12,
        175,
        0.06454339683192134
      ],
      [
        66,
        253,
        81,
        0.009193663078607694
      ],
      "blue",
      [
        138,
        233,
        129,
        0.6600529333590323
      ],
      [
        10,
        196,
        170
      ],
      "indigo",
      [
        222,
        184,
        172
      ],
      [
        129,
        203,
        80
      ],
      [
        90,
        194,
        90
      ],
      [
        30,
        122,
        208,
        0.7096640091014635
      ],
      [
        31,
        248,
        219,
        0.6566187773013669
      ],
      [
        198,
        50,
        148
      ],
      "chocolate"
    ],
    "bus_label_font_size": 91377,
    "bus_label_offset": [
      76938.71961338955,
      -8602.27832902025
    ]
  },
  "base_requests": [
    {
      "type": "Stop",
      "name": "A",
      "latitude": 55.611087,
      "longitude": 37.20829,
      "road_distances": {
        "B": 4000
      }
    },
    {
      "type": "Stop",
      "name": "B",
      "latitude": 55.595884,
      "longitude": 37.209755,
      "road_distances": {
        "C": 9500
      }
    },
    {
      "type": "Stop",
      "name": "C",
      "latitude": 55.632761,
      "longitude": 37.333324,
      "road_distances": {}
    },
    {
      "type": "Bus",
      "name": "ABC",
      "stops": [
        "A",
        "B",
        "C"
      ],
      "is_roundtrip": false
    }
  ]
}